transaction_id,transaction_date,year,quarter,month,region,department,product_category,revenue,expense,units_sold,customers
1,2024-01-19,2024,Q1,1,East,Operations,Hardware,52209.9,25795.5,568,27
2,2025-01-23,2025,Q1,1,North,Sales,Hardware,70368.87,49882.24,584,55
3,2025-04-11,2025,Q2,4,West,IT,Services,182838.94,82788.46,173,113
4,2025-03-09,2025,Q1,3,South,Finance,Software,43085.44,21180.29,362,159
5,2024-12-27,2024,Q4,12,West,IT,Software,214757.57,131596.95,575,80
6,2025-10-28,2025,Q4,10,South,Sales,Software,153946.35,120450.61,91,64
7,2024-07-21,2024,Q3,7,East,Marketing,Services,56717.55,34187.43,283,179
8,2024-10-22,2024,Q4,10,South,IT,Hardware,56863.49,34866.75,580,61
9,2025-01-07,2025,Q1,1,South,Sales,Services,103227.13,49390.17,590,85
10,2025-07-24,2025,Q3,7,West,Operations,Services,52227.91,40233.52,561,72
11,2025-10-25,2025,Q4,10,West,Finance,Hardware,219478.53,111820.5,515,28
12,2024-02-09,2024,Q1,2,South,Operations,Subscription,141299.76,86962.93,489,140
13,2024-11-06,2024,Q4,11,North,IT,Services,174876.75,104274.71,310,116
14,2025-01-17,2025,Q1,1,East,IT,Hardware,123997.93,61472.8,315,168
15,2024-03-27,2024,Q1,3,East,Operations,Software,141794.19,93598.41,124,97
16,2025-04-25,2025,Q2,4,North,Operations,Software,41702.42,27480.89,80,141
17,2024-03-18,2024,Q1,3,West,IT,Hardware,76686.04,63277.2,443,59
18,2024-12-08,2024,Q4,12,East,Marketing,Services,110429.52,74270.21,133,68
19,2024-06-03,2024,Q2,6,North,IT,Hardware,139745.82,63317.72,70,63
20,2024-06-24,2024,Q2,6,North,IT,Hardware,79303.07,52239.17,562,38
21,2025-04-14,2025,Q2,4,West,Marketing,Hardware,43393.53,31823.19,372,113
22,2025-12-07,2025,Q4,12,North,Sales,Software,103511.15,61682.31,121,68
23,2024-09-26,2024,Q3,9,West,Operations,Subscription,60780.17,39442.08,87,118
24,2024-01-02,2024,Q1,1,North,Sales,Hardware,57430.67,37836.8,228,107
25,2024-07-23,2024,Q3,7,North,Marketing,Services,205671.02,161987.65,302,113
26,2025-03-24,2025,Q1,3,South,Finance,Hardware,213898.33,149525.1,565,20
27,2025-01-17,2025,Q1,1,North,IT,Subscription,123055.82,100495.94,171,19
28,2024-03-08,2024,Q1,3,North,IT,Software,156666.45,86344.78,132,150
29,2024-10-09,2024,Q4,10,North,Marketing,Services,207267.72,111475.1,331,66
30,2025-03-20,2025,Q1,3,East,Marketing,Services,206158.57,175722.5,19,122
31,2024-02-12,2024,Q1,2,South,IT,Services,50829.03,30501.17,80,67
32,2025-03-22,2025,Q1,3,West,IT,Services,144277.16,126171.85,551,7
33,2025-11-09,2025,Q4,11,North,Operations,Services,47508.59,23565.47,576,44
34,2025-10-09,2025,Q4,10,South,Finance,Hardware,159061.94,129914.24,527,130
35,2024-02-24,2024,Q1,2,West,Finance,Software,25691.41,20079.92,278,46
36,2025-09-02,2025,Q3,9,West,IT,Software,46815.41,40091.4,162,144
37,2025-10-07,2025,Q4,10,South,Marketing,Hardware,33156.63,20119.45,50,96
38,2024-11-26,2024,Q4,11,North,Finance,Subscription,214898.22,165960.6,252,46
39,2024-07-06,2024,Q3,7,North,Operations,Services,177565.37,111340.0,264,73
40,2024-07-27,2024,Q3,7,North,Marketing,Hardware,63916.7,54005.41,368,83
41,2024-04-21,2024,Q2,4,North,Operations,Subscription,89011.08,73137.89,295,94
42,2025-11-04,2025,Q4,11,East,Sales,Software,196022.49,110227.86,281,14
43,2025-06-23,2025,Q2,6,East,Marketing,Software,100113.11,69872.23,270,16
44,2025-01-11,2025,Q1,1,South,Finance,Subscription,38644.89,28428.04,348,164
45,2024-12-05,2024,Q4,12,East,IT,Services,155044.12,91516.13,312,146
46,2024-07-07,2024,Q3,7,West,Operations,Services,104184.66,84233.49,321,78
47,2025-10-22,2025,Q4,10,East,Marketing,Subscription,111221.16,60269.81,494,48
48,2024-05-01,2024,Q2,5,East,Sales,Hardware,156195.16,85375.57,213,42
49,2024-04-23,2024,Q2,4,West,IT,Software,113806.15,94577.33,599,54
50,2025-08-08,2025,Q3,8,West,Operations,Hardware,152931.31,69183.72,119,113
51,2024-12-22,2024,Q4,12,West,Sales,Hardware,203906.65,102398.7,146,123
52,2025-08-09,2025,Q3,8,West,IT,Subscription,199955.58,153920.17,496,120
53,2024-11-08,2024,Q4,11,East,IT,Subscription,147215.95,83629.98,89,78
54,2025-06-03,2025,Q2,6,East,IT,Software,51982.94,28561.63,166,59
55,2025-07-25,2025,Q3,7,East,IT,Subscription,106075.98,57168.46,440,104
56,2024-10-18,2024,Q4,10,West,Marketing,Software,208834.62,120790.66,409,112
57,2024-08-27,2024,Q3,8,South,Finance,Subscription,119700.19,73879.99,424,47
58,2025-03-02,2025,Q1,3,North,Marketing,Software,41369.76,26240.98,482,51
59,2025-07-25,2025,Q3,7,East,Operations,Subscription,88734.93,68976.21,398,76
60,2025-05-21,2025,Q2,5,North,Marketing,Software,171059.73,80808.07,368,62
61,2024-11-05,2024,Q4,11,North,Sales,Hardware,63875.33,29303.66,166,66
62,2025-11-20,2025,Q4,11,North,IT,Hardware,115681.63,64803.09,387,47
63,2024-03-23,2024,Q1,3,East,Sales,Software,206133.0,143796.85,394,106
64,2024-02-26,2024,Q1,2,South,Sales,Services,190807.18,135125.26,133,149
65,2024-06-04,2024,Q2,6,West,Finance,Software,123662.35,73792.96,440,130
66,2025-06-26,2025,Q2,6,West,Operations,Subscription,59346.71,40020.52,286,162
67,2025-08-15,2025,Q3,8,West,IT,Services,87849.39,48805.86,98,76
68,2024-08-12,2024,Q3,8,West,Finance,Software,121389.77,71590.36,509,59
69,2025-06-08,2025,Q2,6,East,IT,Services,133379.25,89650.83,205,26
70,2025-08-13,2025,Q3,8,South,Marketing,Subscription,112394.04,51410.68,311,61
71,2024-05-23,2024,Q2,5,East,Marketing,Services,107973.24,83220.62,348,95
72,2025-05-25,2025,Q2,5,East,Finance,Hardware,48527.9,25856.21,132,142
73,2024-04-10,2024,Q2,4,South,Marketing,Services,166294.08,144666.04,547,157
74,2024-04-09,2024,Q2,4,East,Operations,Services,59991.1,27360.97,556,37
75,2024-01-16,2024,Q1,1,East,Operations,Subscription,45004.59,20489.43,301,125
76,2025-06-16,2025,Q2,6,South,Sales,Services,208507.4,136660.66,76,107
77,2024-10-04,2024,Q4,10,North,Operations,Hardware,183172.7,157184.89,97,68
78,2025-10-19,2025,Q4,10,South,IT,Subscription,112850.32,72265.96,449,83
79,2024-10-18,2024,Q4,10,North,Operations,Hardware,76605.99,37147.06,255,49
80,2024-03-10,2024,Q1,3,North,Marketing,Subscription,159427.37,103956.59,43,64
81,2025-12-04,2025,Q4,12,West,Sales,Hardware,205162.65,161825.33,212,113
82,2024-11-24,2024,Q4,11,South,Finance,Hardware,38924.92,20293.38,324,157
83,2025-08-16,2025,Q3,8,North,Marketing,Services,161448.07,138094.73,522,143
84,2025-02-27,2025,Q1,2,North,Marketing,Services,142724.16,65813.24,244,177
85,2024-11-15,2024,Q4,11,East,IT,Software,173806.26,91305.99,541,171
86,2025-03-04,2025,Q1,3,West,Marketing,Software,116652.03,72976.31,338,176
87,2024-06-15,2024,Q2,6,West,Marketing,Services,154203.79,95944.75,573,14
88,2024-06-22,2024,Q2,6,East,Finance,Software,214186.02,133608.23,536,5
89,2025-07-07,2025,Q3,7,North,Operations,Services,146413.61,97270.18,462,18
90,2025-09-20,2025,Q3,9,South,Finance,Subscription,196765.09,129555.27,39,166
91,2024-12-04,2024,Q4,12,South,Finance,Software,132689.02,65028.23,126,123
92,2024-08-15,2024,Q3,8,East,IT,Services,106020.62,69705.89,493,67
93,2024-07-26,2024,Q3,7,South,IT,Hardware,193485.25,110051.78,434,92
94,2025-01-11,2025,Q1,1,East,Finance,Subscription,193725.82,124374.96,505,93
95,2025-08-11,2025,Q3,8,East,Operations,Hardware,136500.54,75134.25,430,16
96,2025-12-11,2025,Q4,12,West,Marketing,Hardware,121589.09,56650.6,524,156
97,2024-08-16,2024,Q3,8,North,IT,Subscription,27992.78,14331.93,168,24
98,2025-06-21,2025,Q2,6,West,Sales,Services,191206.56,156697.05,399,86
99,2025-09-24,2025,Q3,9,North,IT,Software,70780.2,52681.12,304,63
100,2024-07-11,2024,Q3,7,North,Sales,Subscription,57441.13,33245.23,39,16
101,2024-05-26,2024,Q2,5,East,Finance,Subscription,53386.11,36217.22,589,179
102,2024-03-15,2024,Q1,3,South,Sales,Subscription,145843.52,80732.67,156,64
103,2025-08-15,2025,Q3,8,East,Sales,Subscription,200735.84,148820.07,171,23
104,2025-10-04,2025,Q4,10,East,Marketing,Services,114082.98,66158.13,403,128
105,2024-07-01,2024,Q3,7,East,IT,Services,218574.95,126106.65,415,75
106,2024-10-09,2024,Q4,10,West,Finance,Hardware,143377.67,86241.38,204,163
107,2024-11-03,2024,Q4,11,North,Sales,Services,178779.04,83015.47,383,38
108,2025-06-17,2025,Q2,6,West,Operations,Hardware,50771.16,34623.16,384,140
109,2025-03-03,2025,Q1,3,East,Marketing,Services,170579.07,101605.01,127,124
110,2024-04-04,2024,Q2,4,West,IT,Services,42609.06,26403.43,280,142
111,2025-06-08,2025,Q2,6,East,IT,Subscription,185371.37,158367.49,120,177
112,2025-01-21,2025,Q1,1,East,IT,Hardware,151292.21,109418.11,485,82
113,2025-02-18,2025,Q1,2,South,Sales,Software,84351.09,55825.96,109,65
114,2024-07-04,2024,Q3,7,West,Finance,Subscription,139531.37,106383.97,434,172
115,2025-10-28,2025,Q4,10,West,Finance,Software,159604.73,86733.35,465,65
116,2025-02-03,2025,Q1,2,East,IT,Services,36807.27,20929.68,135,121
117,2024-11-03,2024,Q4,11,North,Sales,Services,72495.93,36548.63,588,57
118,2024-10-28,2024,Q4,10,South,Operations,Services,176001.87,138886.03,12,75
119,2024-03-26,2024,Q1,3,East,Operations,Software,153906.24,70963.93,25,96
120,2024-10-04,2024,Q4,10,East,Sales,Hardware,76746.66,38719.16,441,139
121,2024-08-17,2024,Q3,8,West,Finance,Software,113141.06,61692.02,54,173
122,2025-08-23,2025,Q3,8,North,Sales,Subscription,190223.22,120467.92,120,130
123,2025-02-13,2025,Q1,2,North,Finance,Hardware,37808.04,21484.68,571,88
124,2025-08-14,2025,Q3,8,West,Sales,Software,191294.58,139624.8,574,60
125,2025-04-11,2025,Q2,4,West,Finance,Subscription,102752.39,78475.43,330,114
126,2025-06-24,2025,Q2,6,South,Marketing,Software,42788.83,20825.61,452,29
127,2025-03-10,2025,Q1,3,North,IT,Services,155652.59,97539.34,443,18
128,2025-06-28,2025,Q2,6,North,IT,Hardware,55172.38,36267.09,120,94
129,2025-02-20,2025,Q1,2,East,IT,Hardware,182408.17,148373.86,580,11
130,2025-01-19,2025,Q1,1,South,Finance,Services,204699.82,123012.32,195,41
131,2025-02-11,2025,Q1,2,South,Sales,Software,170491.79,92493.01,439,121
132,2024-06-03,2024,Q2,6,East,Finance,Software,197251.73,101959.29,60,177
133,2025-08-12,2025,Q3,8,West,Marketing,Subscription,105765.83,57398.55,534,34
134,2025-02-20,2025,Q1,2,East,IT,Subscription,127752.15,74431.0,235,106
135,2024-01-04,2024,Q1,1,South,Finance,Hardware,174633.16,135967.49,306,88
136,2024-08-27,2024,Q3,8,West,Operations,Hardware,99140.45,74610.99,522,148
137,2025-02-14,2025,Q1,2,West,Sales,Subscription,28654.6,24244.65,330,152
138,2025-12-15,2025,Q4,12,West,Finance,Software,103981.3,89992.27,185,163
139,2025-02-28,2025,Q1,2,West,Sales,Hardware,109956.92,68414.47,90,106
140,2025-12-17,2025,Q4,12,East,Operations,Services,176927.98,85428.46,126,140
141,2024-06-05,2024,Q2,6,East,Operations,Hardware,45046.88,25229.24,187,159
142,2024-03-11,2024,Q1,3,West,Marketing,Subscription,157821.03,130877.94,340,165
143,2024-08-17,2024,Q3,8,North,Marketing,Subscription,148120.1,117373.59,67,95
144,2024-05-28,2024,Q2,5,West,Marketing,Software,36093.56,29150.23,88,170
145,2024-10-20,2024,Q4,10,West,Marketing,Software,112698.07,89957.95,202,87
146,2025-09-17,2025,Q3,9,South,Sales,Subscription,45182.87,37801.1,361,26
147,2024-01-10,2024,Q1,1,South,Marketing,Subscription,127193.37,90589.19,382,100
148,2025-07-04,2025,Q3,7,East,IT,Software,178899.25,130299.71,77,89
149,2025-05-10,2025,Q2,5,East,IT,Hardware,90005.6,63055.94,154,94
150,2025-03-23,2025,Q1,3,North,Finance,Subscription,150481.19,88971.24,140,176
151,2024-11-25,2024,Q4,11,West,IT,Services,28554.95,16642.18,229,92
152,2025-04-25,2025,Q2,4,South,Operations,Hardware,40047.19,32562.54,113,134
153,2024-11-26,2024,Q4,11,East,IT,Hardware,141463.06,73041.44,195,164
154,2024-12-10,2024,Q4,12,West,Sales,Subscription,96038.39,72933.65,464,161
155,2025-04-15,2025,Q2,4,South,Finance,Subscription,201275.0,107365.51,594,117
156,2025-07-21,2025,Q3,7,West,Operations,Hardware,181245.55,92346.67,266,18
157,2025-06-17,2025,Q2,6,North,IT,Software,80587.29,62708.21,289,120
158,2024-07-13,2024,Q3,7,North,Operations,Subscription,197502.81,167897.72,434,18
159,2025-04-11,2025,Q2,4,West,Sales,Services,68785.06,40379.2,111,171
160,2024-03-20,2024,Q1,3,North,Finance,Subscription,160734.04,81923.06,490,119
161,2024-02-04,2024,Q1,2,North,Finance,Hardware,187817.8,128840.35,550,113
162,2025-04-04,2025,Q2,4,East,Sales,Software,71495.7,51816.45,478,21
163,2025-10-12,2025,Q4,10,North,IT,Hardware,165116.14,94982.56,11,162
164,2024-10-17,2024,Q4,10,West,Operations,Software,127079.49,76890.67,548,144
165,2024-07-26,2024,Q3,7,West,Sales,Subscription,216302.69,120928.26,26,96
166,2024-06-06,2024,Q2,6,South,Sales,Services,51014.87,30684.86,356,169
167,2025-12-10,2025,Q4,12,West,Operations,Hardware,37304.6,29237.92,478,14
168,2024-01-09,2024,Q1,1,South,Sales,Services,207007.34,139029.22,566,126
169,2024-11-04,2024,Q4,11,South,Finance,Services,193117.01,90872.32,349,74
170,2025-07-26,2025,Q3,7,West,Marketing,Subscription,91112.14,48319.63,519,99
171,2025-02-11,2025,Q1,2,West,Sales,Subscription,142478.39,114496.6,568,80
172,2024-02-12,2024,Q1,2,East,Finance,Services,111953.57,84927.42,180,118
173,2025-01-22,2025,Q1,1,East,IT,Subscription,78538.3,68439.2,68,24
174,2025-06-05,2025,Q2,6,South,Sales,Hardware,190490.52,141263.62,458,13
175,2024-04-15,2024,Q2,4,East,Finance,Subscription,210146.09,97492.17,167,178
176,2025-06-04,2025,Q2,6,West,Sales,Hardware,128244.68,79659.78,295,68
177,2024-12-07,2024,Q4,12,South,Marketing,Subscription,203140.79,101699.84,276,119
178,2025-12-03,2025,Q4,12,West,Operations,Software,51467.04,24799.0,186,118
179,2025-11-17,2025,Q4,11,East,Sales,Services,198809.68,162245.73,188,97
180,2024-02-12,2024,Q1,2,South,Operations,Hardware,179122.75,82629.71,577,151
181,2025-09-14,2025,Q3,9,South,IT,Software,37820.88,23494.66,500,139
182,2025-10-05,2025,Q4,10,North,Operations,Services,150256.02,96688.1,539,93
183,2024-03-06,2024,Q1,3,West,IT,Software,187121.21,125892.14,321,47
184,2025-12-05,2025,Q4,12,South,Finance,Services,189957.07,105950.51,574,75
185,2025-10-20,2025,Q4,10,North,IT,Hardware,140402.65,98236.64,185,173
186,2025-10-21,2025,Q4,10,North,Sales,Software,33865.05,24580.1,600,72
187,2024-10-10,2024,Q4,10,West,IT,Software,122117.42,87885.53,306,169
188,2025-04-16,2025,Q2,4,West,Finance,Subscription,39229.74,18664.04,460,111
189,2025-04-05,2025,Q2,4,East,IT,Hardware,85953.59,65229.84,363,107
190,2025-09-04,2025,Q3,9,North,Finance,Hardware,115962.15,65520.1,263,41
191,2024-05-19,2024,Q2,5,West,IT,Subscription,73412.7,60351.28,173,88
192,2025-04-13,2025,Q2,4,South,Marketing,Subscription,122258.14,71236.44,33,28
193,2025-04-18,2025,Q2,4,South,IT,Services,34488.34,19692.26,491,78
194,2024-02-13,2024,Q1,2,West,Operations,Services,166864.07,129896.74,384,16
195,2024-10-27,2024,Q4,10,South,Finance,Services,39338.69,26232.21,573,76
196,2024-03-07,2024,Q1,3,North,Marketing,Services,180004.96,107248.16,384,41
197,2025-09-15,2025,Q3,9,North,Sales,Software,51722.09,30681.93,495,137
198,2024-10-11,2024,Q4,10,South,Finance,Services,56687.9,49656.6,316,156
199,2025-12-10,2025,Q4,12,East,Marketing,Software,96829.77,71628.54,436,154
200,2024-10-21,2024,Q4,10,West,Finance,Hardware,165673.02,116122.71,184,139
201,2025-03-14,2025,Q1,3,South,Sales,Software,62202.94,39787.9,438,43
202,2024-07-13,2024,Q3,7,West,Sales,Hardware,126143.23,87187.84,499,139
203,2025-03-16,2025,Q1,3,West,IT,Services,131523.28,97409.23,280,161
204,2024-04-23,2024,Q2,4,East,IT,Services,68849.07,59785.2,314,78
205,2024-12-04,2024,Q4,12,West,Finance,Subscription,93016.62,79202.83,290,78
206,2025-07-15,2025,Q3,7,East,Operations,Services,33202.96,28580.61,90,93
207,2025-12-05,2025,Q4,12,West,Operations,Hardware,186450.58,105640.49,585,74
208,2024-10-04,2024,Q4,10,South,Operations,Software,155617.62,105562.88,248,18
209,2025-06-21,2025,Q2,6,West,Sales,Hardware,26010.38,17860.07,171,109
210,2025-08-19,2025,Q3,8,South,Finance,Services,80655.99,38347.08,101,171
211,2024-09-26,2024,Q3,9,North,Operations,Subscription,197037.77,103560.91,47,106
212,2025-03-15,2025,Q1,3,East,Sales,Software,83186.48,58995.58,353,77
213,2025-03-09,2025,Q1,3,West,Finance,Hardware,182718.71,108204.95,479,170
214,2024-01-17,2024,Q1,1,East,Finance,Hardware,59221.51,48451.66,425,114
215,2025-02-09,2025,Q1,2,West,Sales,Hardware,216428.61,141826.81,264,6
216,2025-04-21,2025,Q2,4,West,Finance,Services,83879.44,63818.79,21,71
217,2025-12-23,2025,Q4,12,South,Sales,Software,115752.02,60038.05,524,84
218,2024-11-24,2024,Q4,11,East,Finance,Hardware,67730.08,34368.58,166,121
219,2025-07-15,2025,Q3,7,West,IT,Hardware,173562.63,128878.41,93,139
220,2025-02-15,2025,Q1,2,North,Sales,Hardware,136676.83,70311.55,345,138
221,2024-11-05,2024,Q4,11,South,IT,Subscription,42733.62,28608.51,66,121
222,2025-08-09,2025,Q3,8,North,IT,Subscription,156189.7,90982.52,32,106
223,2024-12-02,2024,Q4,12,South,IT,Software,33831.51,20236.23,75,143
224,2024-08-13,2024,Q3,8,North,Finance,Subscription,60096.36,30543.04,440,100
225,2025-07-13,2025,Q3,7,West,Sales,Hardware,152439.15,91393.53,192,142
226,2024-12-18,2024,Q4,12,South,Sales,Software,215805.68,140077.67,567,113
227,2025-04-26,2025,Q2,4,South,Marketing,Services,55248.67,29339.62,125,13
228,2025-10-22,2025,Q4,10,North,Operations,Hardware,38121.73,26890.92,467,158
229,2024-04-17,2024,Q2,4,North,Marketing,Subscription,70696.16,38418.11,67,40
230,2025-04-14,2025,Q2,4,East,IT,Services,71196.29,58864.46,543,61
231,2025-05-12,2025,Q2,5,North,IT,Hardware,147068.66,93196.86,517,17
232,2025-09-08,2025,Q3,9,East,Marketing,Subscription,54097.43,33101.02,560,126
233,2024-05-05,2024,Q2,5,South,Marketing,Software,134665.26,116640.05,580,140
234,2025-04-18,2025,Q2,4,East,Operations,Services,151107.64,127921.26,389,28
235,2024-01-16,2024,Q1,1,East,Marketing,Software,195355.99,103716.49,582,60
236,2024-06-08,2024,Q2,6,East,Sales,Hardware,207746.15,179428.97,130,127
237,2024-07-12,2024,Q3,7,South,IT,Services,176225.21,108146.69,556,171
238,2025-05-07,2025,Q2,5,East,IT,Subscription,115870.79,92141.74,490,86
239,2025-06-19,2025,Q2,6,West,Sales,Hardware,169544.21,77477.39,576,154
240,2025-05-18,2025,Q2,5,South,Operations,Services,69853.63,48548.94,261,132
241,2025-05-24,2025,Q2,5,West,Marketing,Subscription,57805.56,45772.72,183,40
242,2025-03-14,2025,Q1,3,North,IT,Software,188618.36,90906.9,59,6
243,2024-11-20,2024,Q4,11,South,Sales,Hardware,26782.59,17876.45,392,20
244,2025-11-24,2025,Q4,11,West,Sales,Software,128781.43,80729.93,27,140
245,2025-09-17,2025,Q3,9,East,Sales,Subscription,182202.7,153269.38,119,29
246,2024-04-12,2024,Q2,4,South,IT,Services,183966.81,103931.98,416,25
247,2025-08-13,2025,Q3,8,South,Operations,Services,158388.12,129020.25,42,28
248,2025-07-26,2025,Q3,7,West,Sales,Software,162054.8,78686.52,454,170
249,2025-10-09,2025,Q4,10,North,IT,Software,69804.47,58464.55,590,126
250,2024-02-19,2024,Q1,2,East,IT,Software,59974.13,48919.93,26,58
251,2024-12-18,2024,Q4,12,West,Sales,Services,56677.8,31365.67,408,178
252,2025-07-20,2025,Q3,7,South,Sales,Services,35470.8,22628.52,87,92
253,2025-06-06,2025,Q2,6,North,Finance,Subscription,120667.67,72762.46,394,115
254,2025-02-11,2025,Q1,2,East,Operations,Software,40997.41,21167.58,167,104
255,2025-02-03,2025,Q1,2,North,Sales,Services,111723.49,86851.49,114,38
256,2024-07-20,2024,Q3,7,West,IT,Subscription,45142.12,22053.56,577,28
257,2025-07-19,2025,Q3,7,North,Finance,Subscription,100620.91,48944.1,582,67
258,2024-11-06,2024,Q4,11,West,Operations,Hardware,77439.2,43785.28,159,21
259,2025-05-16,2025,Q2,5,West,Finance,Subscription,177619.99,107510.49,262,165
260,2024-08-15,2024,Q3,8,North,Operations,Services,26319.64,16322.06,399,89
261,2025-07-06,2025,Q3,7,South,Finance,Services,142626.2,106823.56,500,85
262,2025-06-04,2025,Q2,6,East,Marketing,Hardware,88547.82,50519.1,412,98
263,2024-10-26,2024,Q4,10,South,IT,Software,210835.9,136726.57,224,117
264,2025-12-05,2025,Q4,12,North,Marketing,Subscription,52139.93,30252.53,268,173
265,2025-07-02,2025,Q3,7,North,Marketing,Subscription,138537.58,94174.8,438,144
266,2025-12-21,2025,Q4,12,North,Sales,Hardware,153232.32,92346.04,55,149
267,2025-06-19,2025,Q2,6,West,Sales,Software,44228.28,24124.78,541,147
268,2024-08-12,2024,Q3,8,East,Marketing,Subscription,175606.74,123467.99,522,43
269,2024-08-10,2024,Q3,8,North,Finance,Subscription,204506.77,99577.94,155,94
270,2025-08-03,2025,Q3,8,South,IT,Subscription,92918.56,45713.88,473,86
271,2025-01-17,2025,Q1,1,North,Sales,Services,151354.13,112179.13,178,67
272,2024-09-06,2024,Q3,9,South,Finance,Subscription,211900.21,116481.1,424,166
273,2024-11-14,2024,Q4,11,West,Marketing,Software,168790.73,140051.05,470,156
274,2025-01-04,2025,Q1,1,South,Operations,Services,171703.47,136977.1,74,152
275,2024-06-21,2024,Q2,6,East,Operations,Subscription,47221.22,34868.23,511,140
276,2025-10-06,2025,Q4,10,West,IT,Subscription,139465.92,83624.82,478,163
277,2025-10-23,2025,Q4,10,North,Operations,Services,47983.02,27893.17,197,100
278,2024-09-18,2024,Q3,9,West,Marketing,Hardware,137087.18,86626.3,508,167
279,2024-09-02,2024,Q3,9,South,Marketing,Services,52357.82,30643.43,471,163
280,2025-01-16,2025,Q1,1,West,Operations,Hardware,183967.11,159029.73,527,172
281,2025-11-10,2025,Q4,11,West,Marketing,Subscription,120296.4,58409.72,41,61
282,2024-05-17,2024,Q2,5,South,IT,Services,57800.75,37376.75,517,145
283,2024-10-07,2024,Q4,10,North,Finance,Services,130698.46,101345.95,461,144
284,2025-02-28,2025,Q1,2,South,Finance,Software,112697.81,67606.08,99,117
285,2024-04-20,2024,Q2,4,South,IT,Services,192904.5,137427.59,448,47
286,2024-04-23,2024,Q2,4,South,Sales,Services,128794.76,91012.66,182,87
287,2025-05-09,2025,Q2,5,East,IT,Software,51439.84,39739.36,431,20
288,2024-12-05,2024,Q4,12,South,Operations,Hardware,163722.0,132000.4,412,130
289,2025-11-17,2025,Q4,11,West,Marketing,Subscription,39725.67,31449.92,105,108
290,2025-12-21,2025,Q4,12,East,Marketing,Subscription,88821.41,40064.09,105,122
291,2025-02-11,2025,Q1,2,West,Operations,Subscription,185845.29,123164.77,340,77
292,2024-10-04,2024,Q4,10,West,Finance,Software,33958.87,24425.16,480,9
293,2024-08-10,2024,Q3,8,West,Sales,Subscription,64452.05,48087.32,145,171
294,2024-05-13,2024,Q2,5,North,Finance,Services,41072.0,30218.26,179,18
295,2025-12-05,2025,Q4,12,South,Marketing,Software,162221.12,73075.28,498,24
296,2024-09-16,2024,Q3,9,West,Sales,Software,160641.44,128731.12,442,38
297,2024-04-13,2024,Q2,4,West,Sales,Software,45124.3,27437.9,316,40
298,2024-11-21,2024,Q4,11,South,Sales,Software,144012.25,74968.47,369,59
299,2024-07-24,2024,Q3,7,West,Operations,Software,199835.62,101957.26,136,155
300,2025-06-20,2025,Q2,6,West,Finance,Hardware,73318.34,53316.13,264,146
301,2025-12-21,2025,Q4,12,North,Finance,Hardware,125961.08,84279.89,411,80
302,2024-04-01,2024,Q2,4,West,Marketing,Software,72010.94,52162.95,82,140
303,2025-06-01,2025,Q2,6,South,Marketing,Subscription,96255.43,71581.8,492,23
304,2024-01-10,2024,Q1,1,East,Operations,Software,204902.96,175792.89,417,134
305,2025-07-26,2025,Q3,7,West,Sales,Hardware,79106.21,46139.48,533,57
306,2024-09-08,2024,Q3,9,East,Marketing,Software,85483.05,54548.36,254,19
307,2024-07-01,2024,Q3,7,North,Marketing,Software,85311.56,65598.47,189,35
308,2024-12-12,2024,Q4,12,North,Operations,Subscription,210838.16,142293.05,275,47
309,2024-12-09,2024,Q4,12,East,Sales,Software,90327.15,57322.47,546,21
310,2024-08-06,2024,Q3,8,West,IT,Services,35810.63,29347.7,180,99
311,2025-02-16,2025,Q1,2,North,Operations,Software,33587.39,27577.24,260,16
312,2025-07-11,2025,Q3,7,South,Operations,Software,132808.63,111957.34,439,62
313,2024-07-08,2024,Q3,7,East,Finance,Software,136449.51,68407.92,63,50
314,2024-07-15,2024,Q3,7,North,Marketing,Services,175837.86,102618.98,98,146
315,2024-06-16,2024,Q2,6,South,Finance,Services,169217.32,93799.04,387,156
316,2024-12-21,2024,Q4,12,South,Operations,Software,206817.52,95194.26,564,93
317,2024-06-16,2024,Q2,6,North,Marketing,Services,45270.06,30684.96,253,112
318,2024-03-23,2024,Q1,3,East,Sales,Software,204648.51,171052.1,542,110
319,2025-08-19,2025,Q3,8,North,IT,Software,123558.41,89456.63,413,24
320,2024-07-11,2024,Q3,7,South,Operations,Services,75893.23,44431.98,412,88
321,2025-05-04,2025,Q2,5,South,Sales,Hardware,51541.81,40262.56,121,44
322,2024-08-10,2024,Q3,8,West,Finance,Subscription,48543.66,29323.46,222,120
323,2025-05-27,2025,Q2,5,North,Sales,Hardware,182481.4,105987.47,51,60
324,2025-03-27,2025,Q1,3,North,Operations,Services,102267.67,48173.06,316,71
325,2024-01-01,2024,Q1,1,West,Marketing,Hardware,43471.43,21467.07,153,36
326,2024-04-19,2024,Q2,4,South,Operations,Subscription,97586.75,70362.77,96,154
327,2025-02-28,2025,Q1,2,North,Sales,Hardware,200986.74,128767.27,141,28
328,2025-02-01,2025,Q1,2,North,Marketing,Software,57757.9,40243.98,414,132
329,2025-11-05,2025,Q4,11,West,Operations,Services,66869.64,35472.67,296,119
330,2024-10-09,2024,Q4,10,South,Finance,Subscription,105338.48,72346.06,72,27
331,2025-03-26,2025,Q1,3,West,Operations,Hardware,147997.11,117647.68,29,102
332,2025-08-08,2025,Q3,8,West,Finance,Services,100734.35,53119.32,336,157
333,2024-05-08,2024,Q2,5,North,Marketing,Services,174534.22,153560.53,173,30
334,2024-05-08,2024,Q2,5,North,Operations,Subscription,94186.9,76372.91,187,50
335,2025-12-05,2025,Q4,12,East,IT,Software,162173.31,97502.38,591,149
336,2024-08-17,2024,Q3,8,East,Operations,Subscription,32402.93,15363.92,234,10
337,2025-01-02,2025,Q1,1,East,IT,Hardware,182256.86,108721.03,191,87
338,2024-03-04,2024,Q1,3,South,Sales,Services,212308.96,129645.2,415,155
339,2025-05-11,2025,Q2,5,East,Operations,Hardware,167808.64,107037.31,508,171
340,2024-12-06,2024,Q4,12,East,Operations,Hardware,98784.9,75631.48,311,37
341,2024-12-19,2024,Q4,12,West,IT,Software,60505.94,35506.9,236,168
342,2024-08-03,2024,Q3,8,South,Finance,Software,71409.21,62299.06,181,167
343,2025-08-24,2025,Q3,8,North,Finance,Hardware,73660.47,35294.54,272,32
344,2024-01-12,2024,Q1,1,West,Marketing,Subscription,213974.86,177675.6,514,101
345,2025-02-01,2025,Q1,2,West,IT,Hardware,56718.02,27320.79,44,80
346,2025-05-03,2025,Q2,5,North,Sales,Services,58170.51,35568.18,86,145
347,2025-10-02,2025,Q4,10,West,Sales,Subscription,208776.24,108761.73,454,45
348,2024-06-22,2024,Q2,6,South,Operations,Subscription,160953.36,122401.23,563,72
349,2025-05-02,2025,Q2,5,South,Sales,Software,101615.93,69744.59,512,44
350,2025-01-04,2025,Q1,1,West,Sales,Services,185659.97,133450.36,501,56
351,2024-04-16,2024,Q2,4,South,Finance,Software,117346.28,58634.28,417,125
352,2025-02-09,2025,Q1,2,West,Operations,Services,197671.08,120350.6,466,16
353,2025-08-22,2025,Q3,8,East,Operations,Services,135028.08,69537.6,109,26
354,2025-09-18,2025,Q3,9,West,IT,Hardware,132952.37,107896.54,545,112
355,2025-10-19,2025,Q4,10,South,Marketing,Services,40396.23,33859.89,45,133
356,2024-02-14,2024,Q1,2,West,Operations,Hardware,214572.15,171150.92,139,15
357,2024-11-13,2024,Q4,11,West,Operations,Hardware,187651.08,105251.83,78,27
358,2025-09-04,2025,Q3,9,East,Finance,Subscription,203846.57,92814.69,545,112
359,2025-03-28,2025,Q1,3,South,IT,Software,205360.99,142100.36,113,78
360,2025-07-13,2025,Q3,7,East,Marketing,Subscription,136544.53,89219.57,186,75
361,2024-10-24,2024,Q4,10,West,Sales,Subscription,198466.97,117600.11,253,17
362,2025-05-28,2025,Q2,5,East,Sales,Services,184390.26,107004.18,297,130
363,2024-04-21,2024,Q2,4,South,Finance,Subscription,175936.03,103445.7,436,159
364,2024-04-17,2024,Q2,4,West,Operations,Subscription,169484.24,131618.43,392,19
365,2024-02-06,2024,Q1,2,East,IT,Subscription,51451.72,41987.54,592,12
366,2024-04-12,2024,Q2,4,North,Operations,Software,114007.49,96308.21,213,75
367,2025-09-28,2025,Q3,9,West,Sales,Software,72177.93,47650.3,466,50
368,2025-10-01,2025,Q4,10,East,Finance,Hardware,188342.49,105702.28,102,77
369,2025-01-21,2025,Q1,1,South,IT,Hardware,192136.68,139947.24,221,73
370,2025-09-09,2025,Q3,9,North,Sales,Subscription,202745.51,147673.7,18,62
371,2025-12-10,2025,Q4,12,East,Marketing,Subscription,191059.3,123685.9,233,124
372,2025-10-22,2025,Q4,10,North,Sales,Services,134484.14,94854.65,299,81
373,2024-08-23,2024,Q3,8,North,Finance,Services,149915.98,122997.27,277,172
374,2025-04-11,2025,Q2,4,South,IT,Hardware,200438.97,159616.53,423,174
375,2024-12-19,2024,Q4,12,North,Marketing,Services,75588.12,47619.25,407,14
376,2024-06-28,2024,Q2,6,South,IT,Subscription,201772.67,149090.52,529,81
377,2024-11-22,2024,Q4,11,South,Finance,Software,116802.27,89773.66,582,51
378,2025-11-12,2025,Q4,11,North,Operations,Services,68548.95,56533.41,440,89
379,2025-10-07,2025,Q4,10,East,Marketing,Software,116754.63,96036.42,82,125
380,2024-11-07,2024,Q4,11,West,IT,Services,105555.91,87027.17,164,40
381,2025-07-11,2025,Q3,7,West,Operations,Services,193166.82,101905.81,92,129
382,2024-06-25,2024,Q2,6,North,Sales,Subscription,78337.93,60893.1,182,152
383,2024-08-01,2024,Q3,8,North,Operations,Subscription,148530.07,92602.44,498,103
384,2024-09-01,2024,Q3,9,South,Finance,Software,198941.25,154267.9,553,53
385,2024-11-10,2024,Q4,11,South,Operations,Services,85857.99,42427.97,525,155
386,2024-02-14,2024,Q1,2,North,Finance,Services,113905.63,76740.96,546,91
387,2024-06-08,2024,Q2,6,West,Finance,Hardware,57152.28,48005.89,423,9
388,2024-12-26,2024,Q4,12,South,Operations,Software,139990.1,73167.71,385,171
389,2024-07-27,2024,Q3,7,East,IT,Software,140815.19,66270.86,120,172
390,2024-01-07,2024,Q1,1,North,Marketing,Subscription,99149.48,67950.25,495,44
391,2024-05-17,2024,Q2,5,West,Sales,Services,146445.57,110026.36,438,31
392,2024-05-07,2024,Q2,5,North,Sales,Subscription,63736.1,34155.68,279,138
393,2025-12-11,2025,Q4,12,West,Finance,Hardware,32684.11,21683.7,222,128
394,2024-01-25,2024,Q1,1,North,Sales,Software,187870.27,138588.03,162,28
395,2024-12-02,2024,Q4,12,North,Finance,Hardware,114066.49,99264.66,280,123
396,2024-03-28,2024,Q1,3,North,Finance,Services,181311.24,105969.9,128,29
397,2024-01-12,2024,Q1,1,South,Operations,Services,94717.84,60450.56,284,28
398,2025-03-26,2025,Q1,3,North,Marketing,Subscription,212650.44,120549.03,404,127
399,2025-11-14,2025,Q4,11,South,Sales,Hardware,160753.13,76392.77,173,31
400,2025-10-16,2025,Q4,10,West,Operations,Subscription,176937.04,126135.61,143,128
401,2024-07-24,2024,Q3,7,West,Sales,Software,76014.51,44477.79,547,152
402,2024-11-22,2024,Q4,11,East,IT,Software,109405.34,83417.23,503,93
403,2025-03-03,2025,Q1,3,North,Sales,Hardware,123585.68,80552.43,517,47
404,2025-06-27,2025,Q2,6,South,Finance,Services,34818.39,19002.62,397,108
405,2024-02-16,2024,Q1,2,West,Marketing,Subscription,42163.87,28010.98,333,35
406,2024-02-20,2024,Q1,2,West,Marketing,Software,133640.55,60148.0,103,159
407,2025-09-11,2025,Q3,9,South,Marketing,Services,95851.78,45370.32,238,121
408,2025-12-12,2025,Q4,12,East,Marketing,Software,44000.22,32266.74,12,92
409,2025-09-09,2025,Q3,9,East,Sales,Software,199891.04,132276.2,429,32
410,2024-04-25,2024,Q2,4,North,Marketing,Hardware,114123.97,89702.67,356,32
411,2025-01-01,2025,Q1,1,North,Marketing,Subscription,153399.06,132101.42,147,132
412,2024-09-06,2024,Q3,9,West,IT,Subscription,205252.32,161300.62,191,153
413,2024-02-13,2024,Q1,2,West,IT,Services,123301.47,75880.33,264,75
414,2025-05-27,2025,Q2,5,West,Operations,Hardware,105485.37,79220.16,534,81
415,2025-12-05,2025,Q4,12,South,Operations,Hardware,146712.68,84352.34,363,177
416,2024-09-24,2024,Q3,9,East,Sales,Services,134644.64,94332.94,437,177
417,2025-07-09,2025,Q3,7,North,IT,Software,29928.07,15337.85,67,56
418,2024-05-12,2024,Q2,5,East,Operations,Software,159666.0,92112.98,564,13
419,2025-02-02,2025,Q1,2,South,IT,Subscription,71331.12,56155.57,304,175
420,2025-07-21,2025,Q3,7,West,Finance,Software,27528.22,15362.86,463,62
421,2025-10-06,2025,Q4,10,South,Operations,Services,112518.91,98216.06,86,52
422,2024-07-11,2024,Q3,7,North,Marketing,Services,133536.73,67560.05,271,6
423,2025-12-26,2025,Q4,12,South,Sales,Hardware,206082.51,145629.97,318,130
424,2025-02-14,2025,Q1,2,East,IT,Hardware,211612.6,142597.42,527,45
425,2025-02-25,2025,Q1,2,East,Operations,Hardware,154350.22,91430.68,310,60
426,2025-09-22,2025,Q3,9,North,Sales,Services,111905.11,93880.94,259,15
427,2025-07-17,2025,Q3,7,North,Marketing,Services,130346.28,74508.08,539,100
428,2025-08-25,2025,Q3,8,North,Finance,Hardware,87460.99,42454.31,108,47
429,2024-11-18,2024,Q4,11,North,Operations,Hardware,193665.42,122475.96,116,57
430,2025-11-02,2025,Q4,11,North,Operations,Software,114548.92,67886.0,99,23
431,2024-05-13,2024,Q2,5,North,IT,Hardware,202642.38,126708.65,471,166
432,2025-06-02,2025,Q2,6,North,Marketing,Software,129292.7,93842.16,74,154
433,2024-06-13,2024,Q2,6,North,Finance,Services,143280.34,81820.6,458,102
434,2024-08-21,2024,Q3,8,South,IT,Hardware,51594.38,31891.87,568,80
435,2024-05-18,2024,Q2,5,East,Sales,Hardware,49030.86,22169.93,413,142
436,2024-05-06,2024,Q2,5,South,Finance,Hardware,105467.63,76754.13,534,41
437,2024-04-15,2024,Q2,4,East,Operations,Software,60364.81,47920.84,65,145
438,2024-05-05,2024,Q2,5,North,Finance,Software,63496.43,44425.67,348,96
439,2024-02-20,2024,Q1,2,East,IT,Software,200523.13,117636.48,471,89
440,2025-12-11,2025,Q4,12,South,IT,Services,182501.45,157357.01,182,6
441,2024-04-15,2024,Q2,4,West,Finance,Services,51189.64,39169.2,501,123
442,2025-05-18,2025,Q2,5,West,IT,Software,59275.18,42135.76,297,40
443,2024-05-07,2024,Q2,5,North,Sales,Software,190669.52,137587.01,424,156
444,2024-09-25,2024,Q3,9,East,IT,Subscription,152512.09,78377.82,411,62
445,2025-03-22,2025,Q1,3,West,IT,Software,102373.11,68173.52,254,162
446,2024-09-12,2024,Q3,9,South,Marketing,Hardware,59933.31,51419.55,159,128
447,2024-04-26,2024,Q2,4,West,Operations,Software,76549.64,42150.38,221,137
448,2025-07-21,2025,Q3,7,West,Marketing,Software,32781.42,23893.25,115,138
449,2025-12-09,2025,Q4,12,East,IT,Hardware,98448.62,60325.67,89,137
450,2025-04-05,2025,Q2,4,West,Finance,Services,119938.0,78836.13,16,133
451,2025-03-23,2025,Q1,3,South,Sales,Services,66245.84,35134.77,380,159
452,2024-11-07,2024,Q4,11,South,Marketing,Services,165449.85,108709.18,500,127
453,2024-11-21,2024,Q4,11,West,Sales,Hardware,33413.14,23275.57,174,39
454,2024-10-19,2024,Q4,10,South,Sales,Hardware,75360.63,39746.41,425,158
455,2024-12-08,2024,Q4,12,East,Sales,Hardware,112594.66,98733.54,503,48
456,2025-10-11,2025,Q4,10,South,IT,Hardware,146526.29,98120.76,181,180
457,2025-10-28,2025,Q4,10,North,Operations,Subscription,100165.07,49750.5,217,138
458,2025-03-25,2025,Q1,3,North,Operations,Subscription,200813.6,142159.95,554,133
459,2024-02-14,2024,Q1,2,West,Operations,Software,199908.95,156567.55,451,138
460,2025-01-14,2025,Q1,1,West,Operations,Subscription,178963.34,109871.27,599,30
461,2024-05-07,2024,Q2,5,West,Operations,Software,80237.0,66356.76,428,70
462,2024-12-14,2024,Q4,12,North,IT,Software,126353.56,77235.24,220,85
463,2025-02-20,2025,Q1,2,South,Marketing,Services,75954.06,51688.64,588,98
464,2025-11-18,2025,Q4,11,West,Operations,Subscription,132660.46,91502.81,193,99
465,2025-05-04,2025,Q2,5,East,IT,Services,175967.92,109310.53,151,173
466,2024-08-23,2024,Q3,8,South,Sales,Hardware,124126.99,97813.92,573,162
467,2024-03-03,2024,Q1,3,West,Sales,Software,185534.82,121120.38,455,27
468,2025-04-21,2025,Q2,4,East,Sales,Software,166276.47,141367.35,420,162
469,2025-12-07,2025,Q4,12,North,Operations,Subscription,110599.55,59362.55,540,78
470,2024-10-03,2024,Q4,10,South,IT,Hardware,156434.75,94594.25,10,45
471,2025-07-18,2025,Q3,7,East,Marketing,Subscription,139285.63,93687.6,80,28
472,2025-12-19,2025,Q4,12,East,Finance,Services,69127.63,59734.19,475,108
473,2024-05-26,2024,Q2,5,South,Marketing,Software,133932.99,89247.95,358,34
474,2025-09-22,2025,Q3,9,East,Marketing,Subscription,134817.88,105304.34,357,122
475,2025-10-23,2025,Q4,10,North,Marketing,Software,75274.85,46260.12,235,178
476,2024-06-13,2024,Q2,6,West,Finance,Software,161659.62,91053.22,304,28
477,2025-02-24,2025,Q1,2,South,Marketing,Services,93939.9,78398.11,285,51
478,2024-08-27,2024,Q3,8,South,Operations,Hardware,195184.79,105187.97,217,68
479,2025-03-02,2025,Q1,3,North,Sales,Software,156783.36,115278.47,16,143
480,2025-06-13,2025,Q2,6,East,Marketing,Services,120707.04,105412.22,533,76
481,2024-10-13,2024,Q4,10,South,Sales,Subscription,118272.41,80724.49,524,93
482,2024-08-19,2024,Q3,8,North,IT,Subscription,86552.0,39261.72,225,102
483,2024-06-20,2024,Q2,6,East,IT,Services,61494.73,34623.08,285,125
484,2025-06-28,2025,Q2,6,South,Marketing,Subscription,66053.83,49626.67,391,98
485,2025-05-26,2025,Q2,5,West,Operations,Hardware,215958.13,160885.59,112,74
486,2024-09-26,2024,Q3,9,West,Marketing,Hardware,53439.53,46088.05,163,126
487,2024-03-24,2024,Q1,3,West,Marketing,Hardware,219134.55,178646.74,539,141
488,2025-08-27,2025,Q3,8,East,Finance,Software,102688.37,76701.39,71,60
489,2025-08-12,2025,Q3,8,North,Marketing,Services,75654.98,45766.11,580,70
490,2024-07-25,2024,Q3,7,North,Finance,Hardware,137486.48,100288.43,561,49
491,2025-06-20,2025,Q2,6,East,IT,Subscription,176075.15,113071.93,90,102
492,2025-08-03,2025,Q3,8,South,Operations,Services,107254.22,76503.72,424,23
493,2024-06-15,2024,Q2,6,South,Finance,Services,152337.55,115088.95,414,74
494,2025-12-09,2025,Q4,12,West,Marketing,Hardware,60857.81,27990.54,250,174
495,2024-04-02,2024,Q2,4,South,Marketing,Software,43632.98,37211.13,494,145
496,2024-07-08,2024,Q3,7,North,Sales,Services,145529.92,70764.48,409,84
497,2024-12-22,2024,Q4,12,East,Marketing,Hardware,50599.04,41013.69,39,13
498,2025-06-19,2025,Q2,6,West,Marketing,Services,131966.33,67052.01,562,50
499,2025-11-15,2025,Q4,11,West,IT,Services,202240.01,132893.98,242,27
500,2025-06-10,2025,Q2,6,West,Finance,Hardware,84196.72,37891.87,149,93
501,2025-09-08,2025,Q3,9,North,Marketing,Subscription,83424.05,65014.34,309,157
502,2024-09-23,2024,Q3,9,East,Operations,Subscription,197021.6,125691.06,265,46
503,2025-07-21,2025,Q3,7,South,Finance,Software,107336.68,59358.43,288,77
504,2025-07-15,2025,Q3,7,South,Sales,Hardware,51641.69,25689.33,476,163
505,2025-12-06,2025,Q4,12,West,Operations,Services,28782.1,13566.21,557,10
506,2024-05-16,2024,Q2,5,East,Operations,Subscription,166785.88,91750.33,164,8
507,2024-06-03,2024,Q2,6,West,Finance,Subscription,219602.87,142606.66,42,89
508,2024-01-27,2024,Q1,1,East,Marketing,Software,130922.43,69138.77,266,102
509,2024-02-24,2024,Q1,2,South,Marketing,Subscription,73196.63,64241.04,213,122
510,2024-09-21,2024,Q3,9,South,Marketing,Subscription,157881.25,92235.34,340,45
511,2024-12-07,2024,Q4,12,North,Finance,Subscription,149511.4,80056.05,63,175
512,2024-04-26,2024,Q2,4,West,Finance,Software,57635.27,32778.5,132,106
513,2024-01-06,2024,Q1,1,North,IT,Subscription,159239.28,82270.42,101,68
514,2025-02-05,2025,Q1,2,East,Sales,Software,94325.95,48689.63,559,32
515,2025-04-23,2025,Q2,4,East,IT,Services,182077.45,116283.6,207,10
516,2025-06-23,2025,Q2,6,South,Finance,Software,119633.92,76341.4,311,143
517,2025-04-03,2025,Q2,4,South,IT,Services,88117.77,57400.77,577,46
518,2024-08-24,2024,Q3,8,East,Finance,Services,113545.4,88979.25,528,102
519,2024-01-07,2024,Q1,1,East,IT,Hardware,87535.35,41775.1,561,104
520,2025-09-17,2025,Q3,9,South,IT,Services,87907.01,63784.33,123,29
521,2024-01-19,2024,Q1,1,South,Operations,Software,64405.41,42424.44,111,13
522,2025-11-07,2025,Q4,11,West,IT,Services,34571.7,18838.49,82,8
523,2025-02-26,2025,Q1,2,West,Sales,Services,133813.88,114202.77,435,99
524,2024-10-17,2024,Q4,10,East,IT,Software,168188.57,136033.66,89,60
525,2024-02-21,2024,Q1,2,South,IT,Subscription,61944.78,41890.94,264,150
526,2024-09-06,2024,Q3,9,West,Sales,Services,156526.05,117722.72,447,31
527,2024-09-11,2024,Q3,9,West,IT,Services,153218.72,104123.95,463,95
528,2025-06-25,2025,Q2,6,West,Marketing,Services,143640.61,99421.17,229,101
529,2025-06-01,2025,Q2,6,West,Marketing,Subscription,25038.15,11640.36,301,157
530,2024-05-17,2024,Q2,5,North,Finance,Hardware,66890.45,39158.27,292,146
531,2024-02-09,2024,Q1,2,North,Marketing,Services,55440.89,31265.61,265,64
532,2025-02-16,2025,Q1,2,West,IT,Hardware,168181.86,128009.88,504,49
533,2024-10-27,2024,Q4,10,East,Sales,Subscription,40303.09,19105.55,352,94
534,2025-07-17,2025,Q3,7,North,Operations,Software,148607.99,107271.68,65,83
535,2024-06-25,2024,Q2,6,South,Finance,Hardware,54873.51,40587.91,412,119
536,2024-04-24,2024,Q2,4,West,Finance,Subscription,53862.42,32024.03,497,151
537,2024-09-16,2024,Q3,9,West,Finance,Software,102712.77,65410.69,143,39
538,2024-08-08,2024,Q3,8,West,IT,Hardware,134427.68,118127.5,546,68
539,2024-05-07,2024,Q2,5,West,Finance,Software,46943.32,29472.91,384,94
540,2025-06-05,2025,Q2,6,North,Finance,Hardware,217592.12,155572.93,462,164
541,2025-01-24,2025,Q1,1,South,Operations,Services,55418.29,42297.97,97,33
542,2024-04-16,2024,Q2,4,South,Finance,Software,91937.92,73167.94,322,120
543,2024-06-16,2024,Q2,6,South,IT,Hardware,64741.26,43700.63,274,145
544,2024-12-09,2024,Q4,12,North,Marketing,Software,74813.99,35600.04,215,163
545,2024-08-01,2024,Q3,8,North,Sales,Subscription,153772.7,113035.56,378,32
546,2025-11-28,2025,Q4,11,West,Operations,Subscription,124165.36,93765.48,333,129
547,2024-03-17,2024,Q1,3,South,IT,Subscription,134334.07,101605.15,50,68
548,2025-06-10,2025,Q2,6,West,Marketing,Hardware,28582.58,21272.7,373,165
549,2024-09-09,2024,Q3,9,East,Sales,Services,196342.07,163527.99,40,147
550,2024-03-08,2024,Q1,3,East,Marketing,Hardware,42120.03,25876.4,242,111
551,2024-07-18,2024,Q3,7,East,IT,Services,112587.99,57044.06,151,153
552,2024-03-19,2024,Q1,3,East,IT,Hardware,108862.54,91539.34,158,172
553,2024-06-25,2024,Q2,6,North,IT,Software,60906.37,49394.74,159,12
554,2025-07-25,2025,Q3,7,West,Finance,Subscription,170393.9,136882.59,290,43
555,2024-02-19,2024,Q1,2,South,Operations,Software,173677.26,123858.3,283,160
556,2024-10-17,2024,Q4,10,South,Operations,Software,95055.96,70902.31,498,39
557,2025-12-02,2025,Q4,12,East,Operations,Subscription,120831.89,61519.2,207,62
558,2025-01-06,2025,Q1,1,East,Marketing,Hardware,169761.5,148531.92,219,21
559,2025-10-24,2025,Q4,10,West,Finance,Subscription,198079.45,125552.45,52,160
560,2025-12-17,2025,Q4,12,East,Marketing,Software,126526.57,81507.42,53,67
561,2025-12-10,2025,Q4,12,North,IT,Subscription,125644.7,90612.3,60,53
562,2025-07-05,2025,Q3,7,East,Finance,Subscription,57464.89,33134.28,65,137
563,2025-11-13,2025,Q4,11,West,Sales,Software,60055.42,42143.44,569,39
564,2025-06-03,2025,Q2,6,West,Sales,Hardware,113467.74,94807.46,216,121
565,2025-06-17,2025,Q2,6,South,Sales,Software,47262.16,30400.97,381,26
566,2025-12-28,2025,Q4,12,South,Marketing,Subscription,33561.69,17568.89,353,149
567,2024-03-21,2024,Q1,3,South,Operations,Software,106818.43,62285.07,466,78
568,2024-02-28,2024,Q1,2,South,Operations,Software,146399.26,81813.43,479,132
569,2025-09-14,2025,Q3,9,North,IT,Subscription,71386.28,50199.6,497,121
570,2025-02-06,2025,Q1,2,North,Operations,Services,145854.38,100602.46,222,17
571,2024-01-03,2024,Q1,1,East,Sales,Hardware,191496.71,141096.41,315,89
572,2024-02-06,2024,Q1,2,West,Operations,Hardware,156057.65,111232.99,596,148
573,2025-12-25,2025,Q4,12,East,Sales,Software,174859.84,102959.82,398,22
574,2025-09-17,2025,Q3,9,North,Finance,Subscription,51236.43,38360.02,291,89
575,2025-09-16,2025,Q3,9,South,Operations,Software,46313.94,35373.81,551,27
576,2025-07-24,2025,Q3,7,East,Finance,Services,205785.55,146960.66,518,138
577,2025-08-01,2025,Q3,8,South,IT,Hardware,163174.48,142138.16,11,35
578,2025-11-07,2025,Q4,11,North,Operations,Subscription,105738.02,62758.76,583,168
579,2024-11-11,2024,Q4,11,South,Finance,Services,179088.12,104290.57,528,145
580,2024-02-07,2024,Q1,2,East,Finance,Subscription,166257.35,118853.58,39,49
581,2025-06-11,2025,Q2,6,West,Marketing,Software,150902.18,99149.23,481,142
582,2025-07-01,2025,Q3,7,North,IT,Services,135163.81,100240.86,578,142
583,2024-10-13,2024,Q4,10,East,Finance,Software,214074.59,122150.49,41,91
584,2024-10-09,2024,Q4,10,West,Operations,Software,193595.77,149680.95,332,13
585,2025-02-10,2025,Q1,2,West,Operations,Services,113121.73,97150.36,231,139
586,2024-02-17,2024,Q1,2,East,Sales,Hardware,203104.0,130153.69,35,128
587,2024-04-22,2024,Q2,4,East,Marketing,Services,176228.98,90161.72,110,137
588,2024-04-02,2024,Q2,4,North,Marketing,Subscription,164167.09,110748.48,14,84
589,2024-06-19,2024,Q2,6,West,Sales,Software,126512.65,92779.73,329,10
590,2025-11-22,2025,Q4,11,South,Finance,Hardware,62546.4,35586.36,336,117
591,2024-05-04,2024,Q2,5,South,Operations,Services,47319.78,40792.88,583,136
592,2024-09-08,2024,Q3,9,East,IT,Services,77855.16,66613.61,300,151
593,2024-02-22,2024,Q1,2,East,IT,Services,130412.53,61530.23,39,125
594,2024-02-12,2024,Q1,2,West,Sales,Software,108160.82,56996.72,466,162
595,2025-06-05,2025,Q2,6,South,IT,Software,214867.97,166516.12,486,150
596,2024-12-08,2024,Q4,12,West,Sales,Subscription,85526.38,62186.23,486,125
597,2024-03-15,2024,Q1,3,East,Finance,Subscription,60753.85,51301.99,348,88
598,2025-01-25,2025,Q1,1,North,Marketing,Software,93530.96,60639.29,184,77
599,2025-10-18,2025,Q4,10,South,IT,Software,104108.77,78824.65,119,88
600,2024-05-13,2024,Q2,5,West,Marketing,Subscription,71522.18,39679.59,172,128
601,2024-06-23,2024,Q2,6,South,IT,Subscription,177941.23,113384.52,360,144
602,2024-03-04,2024,Q1,3,North,IT,Subscription,47292.96,33403.61,343,147
603,2025-03-16,2025,Q1,3,East,Marketing,Software,141660.54,105504.34,398,88
604,2024-02-10,2024,Q1,2,South,Operations,Software,172630.15,126741.43,473,141
605,2025-10-10,2025,Q4,10,West,Operations,Hardware,157895.77,92548.56,593,178
606,2025-12-02,2025,Q4,12,East,Sales,Software,144240.7,96566.59,140,80
607,2025-09-14,2025,Q3,9,North,Sales,Services,46391.17,26505.59,41,65
608,2025-11-05,2025,Q4,11,East,Marketing,Subscription,99405.18,68033.01,187,126
609,2024-09-01,2024,Q3,9,West,Finance,Subscription,55082.12,48412.01,138,39
610,2024-11-05,2024,Q4,11,North,Operations,Subscription,153295.71,133250.65,149,26
611,2025-08-12,2025,Q3,8,West,IT,Hardware,113606.9,71842.01,470,103
612,2024-03-09,2024,Q1,3,West,IT,Software,137698.01,112103.48,252,133
613,2025-09-16,2025,Q3,9,East,Sales,Software,135789.17,102262.76,125,153
614,2024-03-21,2024,Q1,3,East,Marketing,Software,127054.57,90504.83,261,125
615,2024-11-15,2024,Q4,11,East,IT,Software,201199.13,136828.35,21,125
616,2025-10-02,2025,Q4,10,East,Marketing,Services,212313.35,168414.59,306,47
617,2025-12-01,2025,Q4,12,East,Sales,Subscription,137737.51,95910.73,308,164
618,2025-08-09,2025,Q3,8,North,Operations,Software,191031.82,108787.84,145,162
619,2025-05-26,2025,Q2,5,North,Sales,Hardware,202475.64,155451.87,467,99
620,2024-05-05,2024,Q2,5,South,Marketing,Hardware,180877.54,148440.08,361,26
621,2024-08-19,2024,Q3,8,West,Marketing,Hardware,153830.12,117246.18,181,58
622,2025-01-24,2025,Q1,1,East,Sales,Software,57682.08,35847.12,318,126
623,2024-07-26,2024,Q3,7,West,Marketing,Services,53304.22,43934.37,22,78
624,2025-07-20,2025,Q3,7,East,IT,Software,43986.04,29842.6,372,115
625,2025-06-24,2025,Q2,6,East,Finance,Software,74792.06,52443.9,482,177
626,2024-12-01,2024,Q4,12,South,IT,Services,157155.04,137837.92,330,145
627,2024-02-24,2024,Q1,2,North,Marketing,Software,127426.53,94902.8,369,61
628,2025-05-21,2025,Q2,5,South,Sales,Software,145782.46,69167.83,232,158
629,2024-12-04,2024,Q4,12,North,Sales,Hardware,98311.9,76531.77,589,52
630,2024-05-23,2024,Q2,5,East,Marketing,Software,149562.2,126643.14,293,114
631,2025-05-09,2025,Q2,5,South,Sales,Services,176535.66,108499.45,350,20
632,2025-03-21,2025,Q1,3,West,Sales,Subscription,215987.29,115831.33,412,50
633,2025-02-04,2025,Q1,2,South,IT,Subscription,67585.37,49109.92,462,71
634,2024-02-21,2024,Q1,2,North,IT,Services,176561.25,80877.21,519,43
635,2024-01-17,2024,Q1,1,West,Finance,Hardware,161510.76,135505.19,598,5
636,2025-08-19,2025,Q3,8,West,Marketing,Software,130325.1,58831.64,503,36
637,2025-06-18,2025,Q2,6,East,Marketing,Software,148293.14,127872.33,102,98
638,2025-02-07,2025,Q1,2,West,Finance,Hardware,59440.57,27753.54,403,174
639,2025-12-05,2025,Q4,12,West,Sales,Services,119868.19,99567.56,458,53
640,2024-04-10,2024,Q2,4,North,IT,Hardware,120400.35,57441.42,563,169
641,2025-09-04,2025,Q3,9,West,Sales,Software,91160.6,54260.52,53,108
642,2024-11-24,2024,Q4,11,West,IT,Hardware,169505.04,93258.93,83,14
643,2024-08-21,2024,Q3,8,North,Marketing,Software,72323.1,52721.96,24,49
644,2024-05-16,2024,Q2,5,North,Marketing,Hardware,187893.67,89719.56,118,34
645,2024-02-04,2024,Q1,2,South,Marketing,Services,183246.6,159853.87,421,88
646,2024-06-06,2024,Q2,6,South,Sales,Hardware,90423.23,45385.28,154,111
647,2025-09-20,2025,Q3,9,South,Marketing,Hardware,205506.73,96074.5,112,166
648,2025-03-19,2025,Q1,3,North,Marketing,Software,26238.17,13831.39,101,171
649,2025-07-08,2025,Q3,7,West,Operations,Hardware,52902.13,29969.5,471,110
650,2024-10-27,2024,Q4,10,North,IT,Hardware,164853.76,117570.64,100,165
651,2025-06-12,2025,Q2,6,West,Sales,Hardware,62421.06,54570.96,107,163
652,2024-08-06,2024,Q3,8,South,Finance,Software,62775.2,49752.08,495,132
653,2024-11-26,2024,Q4,11,North,Sales,Services,80587.58,51326.94,352,162
654,2025-01-03,2025,Q1,1,North,Sales,Hardware,55818.89,25816.13,537,34
655,2024-12-25,2024,Q4,12,West,IT,Services,106717.92,82305.91,343,63
656,2024-06-03,2024,Q2,6,South,Sales,Hardware,168860.83,139149.95,394,61
657,2025-10-13,2025,Q4,10,West,Sales,Subscription,53263.55,45220.3,475,50
658,2025-03-23,2025,Q1,3,West,Operations,Services,215233.4,115569.72,140,13
659,2024-05-10,2024,Q2,5,South,Sales,Subscription,114422.89,59913.72,361,61
660,2024-11-19,2024,Q4,11,South,IT,Hardware,41862.49,34264.39,510,60
661,2025-08-19,2025,Q3,8,East,Sales,Subscription,168554.88,93726.85,345,116
662,2024-10-02,2024,Q4,10,South,IT,Software,106465.51,49934.07,491,134
663,2025-09-23,2025,Q3,9,West,Marketing,Software,113226.07,62661.57,581,8
664,2025-04-22,2025,Q2,4,South,Finance,Services,71617.17,62990.83,26,127
665,2025-03-06,2025,Q1,3,West,IT,Software,215402.05,139885.77,151,108
666,2025-11-10,2025,Q4,11,West,Sales,Software,100051.46,74740.72,553,13
667,2025-05-04,2025,Q2,5,South,Sales,Services,168473.35,79783.76,382,18
668,2025-06-18,2025,Q2,6,West,IT,Software,96286.37,50585.49,582,22
669,2024-03-11,2024,Q1,3,East,Operations,Software,151562.49,116259.56,224,62
670,2025-05-17,2025,Q2,5,West,Finance,Software,37356.99,22356.19,507,133
671,2024-08-15,2024,Q3,8,East,Marketing,Services,180981.25,155011.72,77,53
672,2024-02-04,2024,Q1,2,West,Operations,Services,211860.02,102346.89,178,75
673,2024-08-16,2024,Q3,8,South,Operations,Software,82168.04,71232.88,564,38
674,2025-07-21,2025,Q3,7,West,Sales,Services,61866.83,28426.31,247,138
675,2025-07-15,2025,Q3,7,East,Finance,Subscription,140704.66,105479.44,571,118
676,2025-10-25,2025,Q4,10,South,Finance,Hardware,178907.2,97954.6,390,78
677,2024-03-10,2024,Q1,3,East,Finance,Subscription,211461.7,151408.9,174,142
678,2024-03-15,2024,Q1,3,South,Operations,Hardware,47798.88,41935.03,598,37
679,2025-06-15,2025,Q2,6,South,Operations,Software,154782.89,134746.2,161,100
680,2024-09-11,2024,Q3,9,East,Sales,Software,103889.65,69060.57,158,122
681,2024-01-05,2024,Q1,1,East,Finance,Subscription,199715.6,173139.52,597,175
682,2025-06-13,2025,Q2,6,North,Marketing,Software,52187.54,35848.29,325,11
683,2024-08-26,2024,Q3,8,East,Sales,Services,35731.56,25932.7,549,61
684,2025-04-07,2025,Q2,4,North,Sales,Subscription,157027.36,135322.75,534,105
685,2025-06-12,2025,Q2,6,North,Finance,Subscription,53849.46,44002.32,388,103
686,2024-05-24,2024,Q2,5,East,Finance,Services,215617.11,178088.9,99,60
687,2025-12-05,2025,Q4,12,West,Marketing,Services,56939.12,43446.84,444,111
688,2024-03-19,2024,Q1,3,South,Finance,Subscription,217734.57,147162.32,353,21
689,2025-02-07,2025,Q1,2,North,Marketing,Services,105830.23,72917.02,591,40
690,2024-07-18,2024,Q3,7,East,IT,Subscription,33235.42,26764.04,321,131
691,2025-04-21,2025,Q2,4,North,Sales,Hardware,76222.02,65634.13,493,36
692,2025-07-20,2025,Q3,7,South,Marketing,Hardware,30546.3,23790.34,514,22
693,2025-10-12,2025,Q4,10,West,IT,Subscription,194327.45,139923.21,497,35
694,2024-05-06,2024,Q2,5,South,IT,Software,53496.74,34679.2,148,96
695,2024-05-07,2024,Q2,5,East,Marketing,Services,34499.41,19851.5,88,136
696,2024-02-22,2024,Q1,2,South,IT,Services,195126.41,157180.85,318,74
697,2025-02-11,2025,Q1,2,East,Operations,Software,51705.14,29524.13,506,110
698,2024-02-23,2024,Q1,2,South,Operations,Hardware,187156.84,148208.73,582,162
699,2024-07-10,2024,Q3,7,West,Sales,Software,184674.73,156431.72,501,94
700,2025-03-05,2025,Q1,3,West,IT,Services,58580.4,34036.05,131,61
701,2024-12-03,2024,Q4,12,South,Finance,Hardware,65919.0,57473.27,445,33
702,2024-08-02,2024,Q3,8,West,Sales,Hardware,46024.39,36405.92,535,156
703,2025-02-20,2025,Q1,2,East,Sales,Software,83820.93,38089.67,108,36
704,2024-10-12,2024,Q4,10,South,Operations,Services,30705.53,15739.33,294,153
705,2025-03-07,2025,Q1,3,South,IT,Software,44325.61,30965.76,24,140
706,2024-05-28,2024,Q2,5,South,IT,Software,214848.08,105798.68,229,134
707,2025-06-07,2025,Q2,6,South,Marketing,Software,60265.46,36314.38,398,113
708,2024-07-23,2024,Q3,7,North,Finance,Software,115850.83,78023.55,517,97
709,2025-09-24,2025,Q3,9,North,Sales,Services,121274.0,74638.8,477,158
710,2025-11-27,2025,Q4,11,West,Operations,Subscription,81664.92,66786.16,203,22
711,2025-11-15,2025,Q4,11,East,Operations,Software,219751.05,145345.28,117,106
712,2024-02-12,2024,Q1,2,South,Marketing,Subscription,160532.24,139720.11,182,21
713,2024-06-25,2024,Q2,6,South,IT,Subscription,48938.62,39659.22,521,76
714,2025-11-09,2025,Q4,11,West,Finance,Subscription,155002.02,133078.49,506,135
715,2024-08-04,2024,Q3,8,North,Sales,Services,120421.57,66141.95,147,12
716,2024-02-20,2024,Q1,2,West,Sales,Hardware,99613.43,73918.93,166,82
717,2024-02-18,2024,Q1,2,West,Marketing,Hardware,82244.77,54618.47,526,71
718,2025-09-28,2025,Q3,9,North,Sales,Subscription,196624.51,98553.64,470,85
719,2025-08-16,2025,Q3,8,West,Sales,Software,59489.49,43638.32,320,47
720,2025-03-18,2025,Q1,3,East,Marketing,Subscription,173982.17,120849.36,512,173
721,2025-08-22,2025,Q3,8,South,IT,Software,101320.04,67146.53,396,162
722,2025-05-26,2025,Q2,5,East,Sales,Software,140140.37,70788.43,385,94
723,2024-11-02,2024,Q4,11,East,Marketing,Software,108488.9,95094.49,431,94
724,2024-04-11,2024,Q2,4,South,Finance,Software,202525.86,96840.8,322,34
725,2024-01-09,2024,Q1,1,East,Sales,Subscription,153264.72,96811.72,537,112
726,2024-12-19,2024,Q4,12,West,IT,Software,217224.13,133033.96,409,87
727,2024-08-20,2024,Q3,8,North,Operations,Services,121862.62,97359.29,357,47
728,2025-06-07,2025,Q2,6,West,Operations,Subscription,148911.62,129384.26,87,142
729,2025-05-04,2025,Q2,5,North,Finance,Subscription,181897.59,130705.44,104,153
730,2025-05-27,2025,Q2,5,North,IT,Subscription,108285.65,64900.58,88,171
731,2025-09-22,2025,Q3,9,East,Marketing,Services,64015.01,39880.67,537,121
732,2024-01-21,2024,Q1,1,South,IT,Subscription,66525.8,57459.02,488,73
733,2025-10-25,2025,Q4,10,North,IT,Hardware,96033.56,49316.09,164,180
734,2025-07-21,2025,Q3,7,West,Finance,Software,148615.86,120938.5,283,78
735,2024-05-15,2024,Q2,5,South,Marketing,Hardware,47143.92,25105.26,261,84
736,2025-09-26,2025,Q3,9,West,Marketing,Software,64388.15,36525.22,39,71
737,2025-11-20,2025,Q4,11,South,Sales,Subscription,177535.58,84114.71,95,85
738,2025-02-04,2025,Q1,2,West,Finance,Software,102394.53,83054.1,153,65
739,2024-09-27,2024,Q3,9,East,Marketing,Software,71424.99,35896.7,330,89
740,2025-12-14,2025,Q4,12,South,Marketing,Hardware,53134.19,27912.26,291,117
741,2025-10-16,2025,Q4,10,North,Marketing,Services,161425.46,80482.44,568,113
742,2024-05-20,2024,Q2,5,South,Finance,Subscription,164555.89,132169.17,31,170
743,2024-12-04,2024,Q4,12,North,Operations,Services,132781.94,77409.94,381,180
744,2024-08-27,2024,Q3,8,West,Sales,Subscription,205863.94,173895.02,318,28
745,2024-05-09,2024,Q2,5,South,Operations,Subscription,148113.78,122663.52,426,13
746,2024-08-23,2024,Q3,8,West,Marketing,Services,164890.27,136365.46,112,46
747,2025-09-23,2025,Q3,9,North,Finance,Subscription,142412.61,113897.91,344,121
748,2024-01-19,2024,Q1,1,South,Marketing,Hardware,25599.78,13722.31,322,85
749,2024-02-16,2024,Q1,2,South,Operations,Hardware,190157.28,141643.2,337,120
750,2024-05-06,2024,Q2,5,South,IT,Services,180908.09,96862.79,434,99
751,2025-07-15,2025,Q3,7,South,Sales,Software,205006.91,149297.49,244,27
752,2024-05-12,2024,Q2,5,South,Sales,Subscription,145510.79,103046.21,162,27
753,2024-10-08,2024,Q4,10,North,Sales,Subscription,175805.07,149287.07,516,35
754,2024-04-07,2024,Q2,4,East,Finance,Subscription,99504.34,63231.3,221,158
755,2025-12-08,2025,Q4,12,South,Marketing,Hardware,104662.2,53666.11,307,72
756,2025-04-22,2025,Q2,4,East,IT,Subscription,41719.04,27184.92,341,106
757,2024-12-08,2024,Q4,12,West,Marketing,Services,39245.85,27060.41,63,90
758,2025-06-12,2025,Q2,6,North,Sales,Services,123385.69,75734.53,414,176
759,2024-09-05,2024,Q3,9,North,IT,Hardware,75756.87,50500.37,357,124
760,2024-06-28,2024,Q2,6,West,Operations,Services,47784.2,22410.3,140,132
761,2025-12-11,2025,Q4,12,East,Marketing,Services,201044.57,113224.89,280,137
762,2025-03-07,2025,Q1,3,East,Marketing,Hardware,133356.57,112929.9,460,18
763,2024-01-04,2024,Q1,1,South,Operations,Software,116698.27,60721.45,488,116
764,2025-01-12,2025,Q1,1,West,Finance,Subscription,114263.14,56945.44,161,36
765,2024-04-19,2024,Q2,4,East,Operations,Hardware,171237.65,137624.7,586,174
766,2024-10-04,2024,Q4,10,North,IT,Hardware,106201.7,51299.59,520,178
767,2025-01-05,2025,Q1,1,East,Sales,Subscription,97843.87,83121.68,118,87
768,2024-02-02,2024,Q1,2,West,Marketing,Subscription,147529.56,83473.25,15,89
769,2025-06-18,2025,Q2,6,South,Operations,Software,181303.8,103645.98,66,23
770,2025-02-01,2025,Q1,2,West,Finance,Hardware,71815.63,56122.29,418,27
771,2024-03-10,2024,Q1,3,West,Marketing,Services,151197.76,130091.45,167,35
772,2025-07-07,2025,Q3,7,East,IT,Hardware,95013.63,46682.85,386,136
773,2025-08-20,2025,Q3,8,West,Marketing,Services,134796.13,85180.42,442,99
774,2024-07-22,2024,Q3,7,West,Sales,Software,125101.58,108651.58,239,170
775,2024-08-05,2024,Q3,8,North,Finance,Subscription,110284.33,92649.79,499,81
776,2024-11-17,2024,Q4,11,East,Operations,Subscription,82618.92,38874.12,88,16
777,2024-09-09,2024,Q3,9,West,Marketing,Software,115608.02,87831.26,269,95
778,2024-09-03,2024,Q3,9,North,Sales,Subscription,60012.68,31707.67,412,16
779,2025-12-28,2025,Q4,12,East,Finance,Subscription,172684.08,111118.34,281,92
780,2024-04-01,2024,Q2,4,South,Sales,Services,194965.08,96648.52,557,9
781,2025-02-20,2025,Q1,2,North,Operations,Subscription,114731.79,71614.37,508,82
782,2025-12-23,2025,Q4,12,West,Finance,Software,49392.45,22521.31,124,9
783,2024-01-03,2024,Q1,1,South,Marketing,Hardware,151699.27,96691.45,561,53
784,2025-08-16,2025,Q3,8,South,Marketing,Subscription,29254.28,15253.92,166,118
785,2025-01-11,2025,Q1,1,West,IT,Hardware,64260.99,44652.08,411,18
786,2024-02-02,2024,Q1,2,West,Marketing,Subscription,168730.27,119159.17,577,79
787,2025-07-19,2025,Q3,7,West,IT,Subscription,70221.63,33432.73,29,113
788,2025-09-23,2025,Q3,9,North,Finance,Subscription,198382.42,99247.65,365,119
789,2025-01-19,2025,Q1,1,South,Finance,Hardware,116501.89,74373.36,529,61
790,2025-10-21,2025,Q4,10,West,Operations,Services,165984.03,102554.83,436,177
791,2025-08-06,2025,Q3,8,South,IT,Hardware,80079.16,61835.47,504,38
792,2024-03-18,2024,Q1,3,West,Sales,Subscription,208895.67,138351.97,250,58
793,2024-01-26,2024,Q1,1,East,Finance,Services,157000.93,82445.48,525,13
794,2024-06-26,2024,Q2,6,West,Sales,Hardware,48534.17,26517.18,274,92
795,2025-01-27,2025,Q1,1,East,Operations,Software,162748.96,138084.65,458,122
796,2024-02-12,2024,Q1,2,North,IT,Software,123924.62,64667.57,130,57
797,2024-12-27,2024,Q4,12,East,Marketing,Subscription,167847.62,82697.94,382,90
798,2024-02-10,2024,Q1,2,South,Marketing,Subscription,174997.76,79244.7,495,92
799,2024-02-14,2024,Q1,2,East,Finance,Subscription,95325.46,70154.58,165,140
800,2024-03-12,2024,Q1,3,West,Marketing,Subscription,200122.73,171963.75,538,179
801,2024-08-02,2024,Q3,8,South,Sales,Software,41531.75,24311.27,178,116
802,2025-01-14,2025,Q1,1,South,IT,Software,215657.93,187928.69,542,80
803,2025-11-05,2025,Q4,11,East,Finance,Services,26540.94,15136.45,550,161
804,2025-08-10,2025,Q3,8,South,IT,Subscription,161006.84,133909.42,424,55
805,2024-01-17,2024,Q1,1,East,Marketing,Hardware,126491.59,86335.54,228,28
806,2025-09-27,2025,Q3,9,East,Operations,Software,30438.79,24123.88,274,66
807,2025-12-17,2025,Q4,12,West,IT,Software,167737.3,136182.71,275,165
808,2025-02-08,2025,Q1,2,North,Sales,Subscription,83102.42,63727.03,474,91
809,2024-06-11,2024,Q2,6,East,Finance,Hardware,164298.44,110647.88,263,31
810,2024-06-02,2024,Q2,6,West,Sales,Hardware,163769.88,132035.89,93,28
811,2025-03-18,2025,Q1,3,West,Operations,Subscription,40224.17,29807.46,422,155
812,2025-05-05,2025,Q2,5,West,Marketing,Subscription,159358.48,136659.87,436,46
813,2024-08-18,2024,Q3,8,West,Operations,Software,160421.79,103606.15,43,45
814,2025-02-04,2025,Q1,2,West,Sales,Software,97069.26,55768.61,545,44
815,2025-05-14,2025,Q2,5,East,Finance,Services,119755.48,94632.89,155,155
816,2024-05-12,2024,Q2,5,East,Operations,Hardware,184729.39,121954.88,135,145
817,2024-01-27,2024,Q1,1,West,Marketing,Services,135323.98,113282.89,396,126
818,2024-03-22,2024,Q1,3,West,Marketing,Subscription,54051.61,41240.38,101,164
819,2025-07-21,2025,Q3,7,South,Marketing,Services,130493.92,112482.39,463,76
820,2024-03-07,2024,Q1,3,North,IT,Services,134403.65,67635.42,582,26
821,2024-10-09,2024,Q4,10,South,Marketing,Software,48455.22,41310.89,194,9
822,2024-04-14,2024,Q2,4,West,Sales,Services,103350.58,48506.87,33,92
823,2024-07-06,2024,Q3,7,North,IT,Services,99492.14,48665.66,111,143
824,2025-03-20,2025,Q1,3,South,Finance,Software,55074.34,47332.59,183,20
825,2025-03-09,2025,Q1,3,North,Sales,Services,101038.24,59371.87,432,87
826,2025-02-25,2025,Q1,2,North,Operations,Hardware,171666.08,120508.3,514,135
827,2025-02-14,2025,Q1,2,East,Sales,Services,115640.59,72280.33,505,12
828,2024-01-19,2024,Q1,1,East,IT,Software,73031.64,50284.05,138,82
829,2025-08-26,2025,Q3,8,North,IT,Hardware,177661.91,90823.93,563,48
830,2024-09-06,2024,Q3,9,West,IT,Subscription,33149.46,26500.9,306,172
831,2024-01-07,2024,Q1,1,West,Finance,Services,188700.11,115761.1,369,166
832,2025-01-24,2025,Q1,1,South,IT,Software,83624.48,51845.6,135,40
833,2025-07-09,2025,Q3,7,South,IT,Services,197366.66,169049.6,277,120
834,2024-11-21,2024,Q4,11,East,Finance,Hardware,114660.87,81155.92,26,39
835,2024-10-18,2024,Q4,10,West,Sales,Software,156177.75,98026.54,510,105
836,2024-11-04,2024,Q4,11,North,IT,Software,199051.58,159421.27,465,177
837,2025-07-15,2025,Q3,7,East,Marketing,Hardware,188633.43,150737.72,18,36
838,2025-04-03,2025,Q2,4,West,Sales,Hardware,169913.17,131873.18,376,54
839,2025-12-07,2025,Q4,12,South,Operations,Subscription,213622.82,99510.27,514,160
840,2024-04-22,2024,Q2,4,West,Sales,Services,135974.94,90073.18,575,54
841,2024-02-24,2024,Q1,2,South,Sales,Hardware,75626.77,52565.02,243,138
842,2025-04-21,2025,Q2,4,North,IT,Services,157732.67,130876.13,12,114
843,2024-06-17,2024,Q2,6,West,Marketing,Services,48734.95,32792.14,517,97
844,2024-12-13,2024,Q4,12,South,Sales,Services,204086.34,138561.65,333,6
845,2024-06-08,2024,Q2,6,North,IT,Software,218101.61,119305.95,443,24
846,2024-03-26,2024,Q1,3,East,Finance,Software,147068.96,72297.96,501,115
847,2024-10-27,2024,Q4,10,East,Finance,Hardware,46028.93,25430.73,358,18
848,2025-09-02,2025,Q3,9,South,Sales,Subscription,173999.22,125088.03,137,26
849,2024-07-20,2024,Q3,7,East,Sales,Hardware,37090.44,29487.88,66,82
850,2025-02-25,2025,Q1,2,North,Sales,Software,82508.77,50662.52,108,163
851,2025-04-21,2025,Q2,4,North,Marketing,Subscription,115520.77,73250.04,113,91
852,2024-08-26,2024,Q3,8,East,IT,Hardware,46061.29,20970.97,79,156
853,2024-10-08,2024,Q4,10,South,IT,Services,94301.29,61956.11,465,52
854,2024-01-19,2024,Q1,1,North,Operations,Services,138981.85,93207.35,376,84
855,2024-03-22,2024,Q1,3,West,Finance,Services,81757.47,70901.43,540,155
856,2024-01-07,2024,Q1,1,South,IT,Software,107301.92,57301.91,215,168
857,2024-06-20,2024,Q2,6,South,Marketing,Subscription,141953.65,84092.28,589,90
858,2025-07-08,2025,Q3,7,East,Operations,Software,113588.91,89661.67,53,131
859,2024-11-07,2024,Q4,11,South,Operations,Subscription,146664.4,81072.88,349,101
860,2025-03-10,2025,Q1,3,North,Finance,Software,39377.58,18228.18,127,41
861,2025-04-24,2025,Q2,4,East,Sales,Software,63828.96,36520.59,234,72
862,2024-06-27,2024,Q2,6,South,Operations,Hardware,29190.95,23715.87,113,10
863,2024-07-06,2024,Q3,7,North,Finance,Hardware,84489.11,46744.82,391,174
864,2025-12-18,2025,Q4,12,North,Sales,Hardware,197131.01,99795.94,204,54
865,2025-12-19,2025,Q4,12,East,Finance,Subscription,215511.4,119642.52,57,162
866,2024-09-28,2024,Q3,9,East,Operations,Services,73198.47,52751.75,296,37
867,2025-04-16,2025,Q2,4,North,Marketing,Software,57649.54,35563.41,531,100
868,2025-03-13,2025,Q1,3,East,Finance,Subscription,164551.73,109058.4,284,153
869,2024-04-13,2024,Q2,4,South,Operations,Subscription,193317.81,119902.86,323,113
870,2024-06-12,2024,Q2,6,East,IT,Software,51194.41,24887.25,465,137
871,2024-10-26,2024,Q4,10,North,Marketing,Services,108089.96,70371.64,428,99
872,2025-06-03,2025,Q2,6,East,Marketing,Software,60015.32,33040.23,87,96
873,2025-09-07,2025,Q3,9,North,Finance,Hardware,44189.78,21241.14,49,144
874,2025-04-23,2025,Q2,4,East,Finance,Services,170316.21,132922.88,291,53
875,2024-12-27,2024,Q4,12,East,Sales,Services,79959.83,47900.09,423,108
876,2024-08-17,2024,Q3,8,South,Marketing,Hardware,69250.63,53470.42,495,64
877,2025-12-15,2025,Q4,12,West,Finance,Software,86049.59,45672.89,437,58
878,2025-09-26,2025,Q3,9,North,Finance,Hardware,137614.15,69521.1,19,132
879,2025-06-11,2025,Q2,6,South,Marketing,Subscription,158723.75,98956.09,560,81
880,2024-10-26,2024,Q4,10,North,Operations,Hardware,215562.45,189162.66,591,166
881,2025-07-19,2025,Q3,7,South,Marketing,Software,129225.66,68616.97,121,89
882,2025-11-16,2025,Q4,11,East,Sales,Hardware,45341.07,31183.32,42,159
883,2024-03-15,2024,Q1,3,South,Sales,Subscription,80344.44,44206.07,546,22
884,2024-06-05,2024,Q2,6,North,Operations,Services,192642.93,120723.61,170,33
885,2025-08-16,2025,Q3,8,North,Marketing,Hardware,50336.8,27103.4,452,175
886,2024-10-01,2024,Q4,10,East,IT,Hardware,122982.63,91558.04,292,56
887,2024-08-15,2024,Q3,8,North,Marketing,Hardware,127542.02,107317.69,512,122
888,2024-12-20,2024,Q4,12,North,Finance,Subscription,92622.46,75240.46,314,105
889,2024-07-04,2024,Q3,7,South,Operations,Subscription,114276.49,96181.75,197,150
890,2025-12-03,2025,Q4,12,North,Operations,Hardware,78386.37,56444.13,308,175
891,2024-08-25,2024,Q3,8,West,IT,Software,219086.69,105799.04,117,134
892,2025-07-21,2025,Q3,7,West,Operations,Services,65437.56,30702.85,37,23
893,2025-07-11,2025,Q3,7,East,Marketing,Hardware,102351.49,46530.73,127,39
894,2025-08-16,2025,Q3,8,West,Sales,Software,131943.57,73121.31,458,40
895,2025-03-03,2025,Q1,3,South,Sales,Software,59561.14,29982.19,410,48
896,2024-11-18,2024,Q4,11,East,Operations,Subscription,94826.96,51507.08,45,177
897,2024-08-01,2024,Q3,8,North,IT,Software,101170.59,58939.9,63,158
898,2024-07-01,2024,Q3,7,South,Operations,Services,202207.49,108381.97,26,112
899,2024-06-02,2024,Q2,6,South,Sales,Hardware,211955.32,104184.39,181,47
900,2025-09-13,2025,Q3,9,North,Finance,Services,134600.55,71540.92,222,143
901,2025-02-11,2025,Q1,2,South,Operations,Software,94532.38,49597.1,421,172
902,2024-07-03,2024,Q3,7,South,Marketing,Hardware,37873.18,30316.97,387,16
903,2024-07-06,2024,Q3,7,East,IT,Subscription,216704.99,107004.56,559,150
904,2025-02-16,2025,Q1,2,East,Marketing,Hardware,89749.08,64906.71,335,175
905,2024-06-19,2024,Q2,6,North,IT,Subscription,99562.42,72228.01,248,133
906,2024-04-03,2024,Q2,4,North,IT,Software,85225.48,65393.74,259,163
907,2024-03-24,2024,Q1,3,East,Marketing,Services,64392.3,39380.5,48,65
908,2025-12-26,2025,Q4,12,East,Operations,Services,86920.04,68527.54,50,138
909,2025-11-18,2025,Q4,11,East,Sales,Hardware,190152.29,112655.0,258,57
910,2024-11-28,2024,Q4,11,South,Operations,Subscription,126687.03,67007.88,16,21
911,2025-02-18,2025,Q1,2,South,Sales,Hardware,207963.53,104811.8,187,156
912,2024-04-06,2024,Q2,4,North,Marketing,Subscription,85735.28,65186.22,260,113
913,2024-05-12,2024,Q2,5,East,IT,Subscription,213706.53,114675.44,502,25
914,2025-07-27,2025,Q3,7,South,Marketing,Subscription,107425.97,76491.54,453,44
915,2025-01-18,2025,Q1,1,West,Marketing,Software,172977.37,146383.65,560,44
916,2024-05-11,2024,Q2,5,West,Marketing,Services,113452.61,69355.07,502,23
917,2024-12-16,2024,Q4,12,West,Operations,Hardware,203645.73,92006.66,522,100
918,2025-07-02,2025,Q3,7,West,Finance,Subscription,120462.47,87413.71,82,109
919,2024-07-23,2024,Q3,7,South,Operations,Subscription,211633.89,165422.84,366,135
920,2025-11-02,2025,Q4,11,East,Sales,Subscription,205671.16,157613.13,258,127
921,2025-11-08,2025,Q4,11,North,Operations,Services,143059.95,122464.19,160,70
922,2024-01-07,2024,Q1,1,North,Sales,Subscription,102545.05,71991.65,92,137
923,2025-03-10,2025,Q1,3,West,Finance,Services,122626.13,83297.06,401,155
924,2025-12-23,2025,Q4,12,North,Sales,Services,183774.46,103957.38,224,106
925,2025-01-14,2025,Q1,1,South,Marketing,Software,43889.78,34352.96,437,139
926,2025-12-06,2025,Q4,12,West,Operations,Hardware,98057.02,73811.47,212,129
927,2024-08-28,2024,Q3,8,South,Operations,Hardware,36501.5,19293.73,206,71
928,2025-08-11,2025,Q3,8,North,Operations,Software,82159.49,50316.38,293,21
929,2024-10-25,2024,Q4,10,South,Marketing,Subscription,156196.9,77059.42,72,73
930,2024-11-16,2024,Q4,11,North,Sales,Hardware,126855.24,57480.98,542,73
931,2025-06-12,2025,Q2,6,West,Finance,Services,157962.7,94386.39,332,66
932,2025-07-01,2025,Q3,7,North,Finance,Services,182222.69,82241.91,421,40
933,2024-09-14,2024,Q3,9,East,Operations,Services,113124.03,84284.13,496,136
934,2024-01-15,2024,Q1,1,East,Sales,Services,195319.73,169327.94,343,178
935,2024-10-28,2024,Q4,10,West,Marketing,Software,92925.12,79340.07,497,173
936,2024-12-02,2024,Q4,12,West,Finance,Hardware,163828.68,135001.26,595,134
937,2024-08-22,2024,Q3,8,North,Finance,Subscription,57770.31,37082.95,128,128
938,2024-04-11,2024,Q2,4,South,Operations,Software,45566.59,39968.53,39,46
939,2025-05-21,2025,Q2,5,South,Finance,Subscription,210543.26,155456.42,149,141
940,2025-02-21,2025,Q1,2,East,Operations,Software,150577.38,92170.59,400,172
941,2025-04-07,2025,Q2,4,South,Finance,Software,81740.42,40698.1,358,156
942,2024-10-02,2024,Q4,10,East,Operations,Services,211043.38,147323.95,11,84
943,2024-07-22,2024,Q3,7,West,Finance,Services,180516.04,153725.26,139,138
944,2024-02-16,2024,Q1,2,West,Sales,Subscription,86605.61,69366.21,313,61
945,2025-03-28,2025,Q1,3,East,Operations,Software,141781.66,82633.66,136,75
946,2025-11-27,2025,Q4,11,South,Marketing,Services,162307.39,99329.64,351,44
947,2024-12-28,2024,Q4,12,South,Sales,Hardware,192071.87,146508.59,316,173
948,2024-01-03,2024,Q1,1,West,Finance,Subscription,157190.24,137672.74,410,105
949,2025-05-15,2025,Q2,5,South,IT,Subscription,43977.32,25905.72,65,82
950,2024-10-24,2024,Q4,10,South,Marketing,Subscription,81760.91,41883.98,233,55
951,2024-06-04,2024,Q2,6,North,Operations,Subscription,210327.64,133275.74,182,19
952,2025-08-21,2025,Q3,8,South,Sales,Software,216153.97,157693.41,454,43
953,2025-04-24,2025,Q2,4,North,Sales,Hardware,102345.74,59376.55,186,172
954,2025-12-04,2025,Q4,12,North,Marketing,Subscription,78667.13,57495.76,386,7
955,2024-02-09,2024,Q1,2,North,Marketing,Hardware,29490.22,20536.46,596,127
956,2024-10-05,2024,Q4,10,South,Marketing,Subscription,219991.07,165472.2,315,151
957,2024-06-27,2024,Q2,6,North,IT,Hardware,104039.45,78166.82,413,147
958,2025-02-18,2025,Q1,2,North,Operations,Software,60229.51,42619.25,194,6
959,2025-06-09,2025,Q2,6,North,Sales,Hardware,137140.8,100199.93,99,148
960,2024-02-01,2024,Q1,2,North,IT,Services,95894.13,65601.53,443,173
961,2024-05-23,2024,Q2,5,North,IT,Services,153535.73,98464.88,600,130
962,2025-09-02,2025,Q3,9,East,IT,Hardware,159146.41,116960.72,55,65
963,2024-03-05,2024,Q1,3,East,Operations,Hardware,142418.16,77318.42,377,76
964,2025-02-09,2025,Q1,2,East,Finance,Subscription,151704.94,78921.06,477,26
965,2025-12-19,2025,Q4,12,South,IT,Hardware,38758.82,29652.44,207,100
966,2024-07-09,2024,Q3,7,South,Finance,Subscription,98893.67,85496.31,263,24
967,2024-09-25,2024,Q3,9,North,IT,Subscription,37862.08,27460.47,381,90
968,2025-03-04,2025,Q1,3,South,Finance,Software,44099.64,38418.66,237,101
969,2024-03-18,2024,Q1,3,East,IT,Subscription,43630.41,26179.43,595,77
970,2025-10-26,2025,Q4,10,North,Sales,Hardware,87009.3,67284.76,195,93
971,2025-08-13,2025,Q3,8,South,Finance,Software,158898.38,120236.14,139,41
972,2025-01-17,2025,Q1,1,East,Operations,Subscription,162823.42,86090.43,372,124
973,2025-05-25,2025,Q2,5,West,IT,Hardware,84511.55,69207.04,322,109
974,2025-02-24,2025,Q1,2,North,Sales,Hardware,209249.05,109018.47,68,26
975,2025-09-16,2025,Q3,9,West,Sales,Subscription,157021.45,133617.37,149,127
976,2024-07-24,2024,Q3,7,North,IT,Hardware,202622.85,156170.43,445,141
977,2025-04-06,2025,Q2,4,North,IT,Subscription,213106.24,157708.11,546,62
978,2024-06-12,2024,Q2,6,South,IT,Services,210734.3,133135.73,398,48
979,2024-06-01,2024,Q2,6,South,IT,Software,81562.62,53647.29,281,59
980,2025-04-12,2025,Q2,4,East,IT,Software,207405.81,172929.24,509,19
981,2024-10-12,2024,Q4,10,West,Finance,Services,94009.09,42512.45,200,107
982,2024-02-04,2024,Q1,2,West,Marketing,Hardware,41525.04,27869.82,167,110
983,2025-01-06,2025,Q1,1,South,Finance,Hardware,116786.24,71350.91,383,114
984,2025-02-28,2025,Q1,2,West,Marketing,Hardware,52275.51,40317.44,15,96
985,2024-02-06,2024,Q1,2,South,Finance,Software,51067.66,32226.45,349,13
986,2024-08-25,2024,Q3,8,East,Sales,Subscription,120368.23,79815.46,140,88
987,2025-09-12,2025,Q3,9,West,Operations,Software,211747.33,167463.88,139,44
988,2024-11-16,2024,Q4,11,South,Sales,Services,108784.68,76883.28,18,116
989,2025-05-08,2025,Q2,5,West,Sales,Subscription,73310.72,37797.04,533,52
990,2025-02-20,2025,Q1,2,East,Operations,Subscription,63690.43,48008.46,115,133
991,2024-04-14,2024,Q2,4,South,Operations,Software,50797.68,23696.99,206,42
992,2024-10-11,2024,Q4,10,South,Sales,Software,99168.77,67012.07,246,61
993,2025-08-09,2025,Q3,8,North,IT,Subscription,150555.27,87449.23,285,98
994,2025-12-22,2025,Q4,12,West,Operations,Services,199545.72,105390.71,10,18
995,2025-04-16,2025,Q2,4,East,Marketing,Services,202153.99,99728.13,199,69
996,2025-06-12,2025,Q2,6,East,Sales,Software,155444.77,115600.15,143,89
997,2025-12-21,2025,Q4,12,East,Operations,Services,65956.49,40572.56,118,38
998,2024-01-11,2024,Q1,1,South,Operations,Subscription,205472.62,99078.53,569,163
999,2025-12-25,2025,Q4,12,West,Operations,Hardware,33543.17,17859.52,573,69
1000,2025-06-06,2025,Q2,6,West,Sales,Subscription,38203.16,24074.55,525,10
